{
  "type": "FeatureCollection",
  "features": [
    {
      "type": "Feature",
      "properties": {
        "id": "r0c0->s_r0c0_r0c1_1",
        "name": "Pallikaranai Marsh Rd",
        "surface": "asphalt",
        "stairs": false,
        "kerbCm": 0,
        "lanes": 2,
        "crossing": "none",
        "slope": 0.3,
        "coarseId": "r0c0-r0c1"
      },
      "geometry": {
        "type": "LineString",
        "coordinates": [
          [
            80.212,
            12.962
          ],
          [
            80.21236913403368,
            12.961980132699495
          ]
        ]
      }
    },
    {
      "type": "Feature",
      "properties": {
        "id": "s_r0c0_r0c1_1->s_r0c0_r0c1_2",
        "name": "Pallikaranai Marsh Rd",
        "surface": "asphalt",
        "stairs": false,
        "kerbCm": 0,
        "lanes": 2,
        "crossing": "none",
        "slope": 0.3,
        "coarseId": "r0c0-r0c1"
      },
      "geometry": {
        "type": "LineString",
        "coordinates": [
          [
            80.21236913403368,
            12.961980132699495
          ],
          [
            80.21273826806737,
            12.96198048303176
          ]
        ]
      }
    },
    {
      "type": "Feature",
      "properties": {
        "id": "s_r0c0_r0c1_2->s_r0c0_r0c1_3",
        "name": "Pallikaranai Marsh Rd",
        "surface": "asphalt",
        "stairs": false,
        "kerbCm": 0,
        "lanes": 2,
        "crossing": "none",
        "slope": 0.2,
        "coarseId": "r0c0-r0c1"
      },
      "geometry": {
        "type": "LineString",
        "coordinates": [
          [
            80.21273826806737,
            12.96198048303176
          ],
          [
            80.21310740210104,
            12.962019542625645
          ]
        ]
      }
    },
    {
      "type": "Feature",
      "properties": {
        "id": "s_r0c0_r0c1_3->s_r0c0_r0c1_4",
        "name": "Pallikaranai Marsh Rd",
        "surface": "asphalt",
        "stairs": false,
        "kerbCm": 0,
        "lanes": 2,
        "crossing": "none",
        "slope": 0.3,
        "coarseId": "r0c0-r0c1"
      },
      "geometry": {
        "type": "LineString",
        "coordinates": [
          [
            80.21310740210104,
            12.962019542625645
          ],
          [
            80.21347653613472,
            12.962009045178249
          ]
        ]
      }
    },
    {
      "type": "Feature",
      "properties": {
        "id": "r0c1->s_r0c0_r0c1_4",
        "name": "Pallikaranai Marsh Rd",
        "surface": "asphalt",
        "stairs": false,
        "kerbCm": 0,
        "lanes": 2,
        "crossing": "none",
        "slope": 0.3,
        "coarseId": "r0c0-r0c1"
      },
      "geometry": {
        "type": "LineString",
        "coordinates": [
          [
            80.2138456701684,
            12.96199999350193
          ],
          [
            80.21347653613472,
            12.962009045178249
          ]
        ]
      }
    },
    {
      "type": "Feature",
      "properties": {
        "id": "r0c0->s_r0c0_r1c0_1",
        "name": "Inner Ring Rd",
        "surface": "asphalt",
        "stairs": false,
        "kerbCm": 0,
        "lanes": 2,
        "crossing": "none",
        "slope": 2.7,
        "coarseId": "r0c0-r1c0"
      },
      "geometry": {
        "type": "LineString",
        "coordinates": [
          [
            80.212,
            12.962
          ],
          [
            80.21200447185294,
            12.96233724513636
          ]
        ]
      }
    },
    {
      "type": "Feature",
      "properties": {
        "id": "s_r0c0_r1c0_1->s_r0c0_r1c0_2",
        "name": "Inner Ring Rd",
        "surface": "asphalt",
        "stairs": false,
        "kerbCm": 0,
        "lanes": 2,
        "crossing": "none",
        "slope": 2.7,
        "coarseId": "r0c0-r1c0"
      },
      "geometry": {
        "type": "LineString",
        "coordinates": [
          [
            80.21200447185294,
            12.96233724513636
          ],
          [
            80.21200768425138,
            12.962674490272683
          ]
        ]
      }
    },
    {
      "type": "Feature",
      "properties": {
        "id": "s_r0c0_r1c0_2->s_r0c0_r1c0_3",
        "name": "Inner Ring Rd",
        "surface": "asphalt",
        "stairs": false,
        "kerbCm": 0,
        "lanes": 2,
        "crossing": "none",
        "slope": 2.7,
        "coarseId": "r0c0-r1c0"
      },
      "geometry": {
        "type": "LineString",
        "coordinates": [
          [
            80.21200768425138,
            12.962674490272683
          ],
          [
            80.21199828409391,
            12.963011735409182
          ]
        ]
      }
    },
    {
      "type": "Feature",
      "properties": {
        "id": "r1c0->s_r0c0_r1c0_3",
        "name": "Inner Ring Rd",
        "surface": "asphalt",
        "stairs": false,
        "kerbCm": 0,
        "lanes": 2,
        "crossing": "none",
        "slope": 2.7,
        "coarseId": "r0c0-r1c0"
      },
      "geometry": {
        "type": "LineString",
        "coordinates": [
          [
            80.212,
            12.963348980545586
          ],
          [
            80.21199828409391,
            12.963011735409182
          ]
        ]
      }
    },
    {
      "type": "Feature",
      "properties": {
        "id": "r0c1->s_r0c1_r0c2_1",
        "name": "Pallikaranai Marsh Rd",
        "surface": "asphalt",
        "stairs": false,
        "kerbCm": 15,
        "lanes": 2,
        "crossing": "none",
        "slope": 0.3,
        "coarseId": "r0c1-r0c2"
      },
      "geometry": {
        "type": "LineString",
        "coordinates": [
          [
            80.2138456701684,
            12.96199999350193
          ],
          [
            80.21421480420206,
            12.962003049272743
          ]
        ]
      }
    },
    {
      "type": "Feature",
      "properties": {
        "id": "s_r0c1_r0c2_1->s_r0c1_r0c2_2",
        "name": "Pallikaranai Marsh Rd",
        "surface": "asphalt",
        "stairs": false,
        "kerbCm": 15,
        "lanes": 2,
        "crossing": "none",
        "slope": 0.3,
        "coarseId": "r0c1-r0c2"
      },
      "geometry": {
        "type": "LineString",
        "coordinates": [
          [
            80.21421480420206,
            12.962003049272743
          ],
          [
            80.21458393823569,
            12.962002757483258
          ]
        ]
      }
    },
    {
      "type": "Feature",
      "properties": {
        "id": "s_r0c1_r0c2_2->s_r0c1_r0c2_3",
        "name": "Pallikaranai Marsh Rd",
        "surface": "asphalt",
        "stairs": false,
        "kerbCm": 15,
        "lanes": 2,
        "crossing": "none",
        "slope": 0.2,
        "coarseId": "r0c1-r0c2"
      },
      "geometry": {
        "type": "LineString",
        "coordinates": [
          [
            80.21458393823569,
            12.962002757483258
          ],
          [
            80.21495307226935,
            12.962002729572069
          ]
        ]
      }
    },
    {
      "type": "Feature",
      "properties": {
        "id": "s_r0c1_r0c2_3->s_r0c1_r0c2_4",
        "name": "Pallikaranai Marsh Rd",
        "surface": "asphalt",
        "stairs": false,
        "kerbCm": 15,
        "lanes": 2,
        "crossing": "none",
        "slope": 0.3,
        "coarseId": "r0c1-r0c2"
      },
      "geometry": {
        "type": "LineString",
        "coordinates": [
          [
            80.21495307226935,
            12.962002729572069
          ],
          [
            80.21532220630296,
            12.96201008556516
          ]
        ]
      }
    },
    {
      "type": "Feature",
      "properties": {
        "id": "r0c2->s_r0c1_r0c2_4",
        "name": "Pallikaranai Marsh Rd",
        "surface": "asphalt",
        "stairs": false,
        "kerbCm": 15,
        "lanes": 2,
        "crossing": "none",
        "slope": 0.3,
        "coarseId": "r0c1-r0c2"
      },
      "geometry": {
        "type": "LineString",
        "coordinates": [
          [
            80.21569134033659,
            12.96199997400772
          ],
          [
            80.21532220630296,
            12.96201008556516
          ]
        ]
      }
    },
    {
      "type": "Feature",
      "properties": {
        "id": "r0c1->s_r0c1_r1c1_1",
        "name": "Ram Nagar Main Rd",
        "surface": "asphalt",
        "stairs": false,
        "kerbCm": 0,
        "lanes": 2,
        "crossing": "none",
        "slope": 2.7,
        "coarseId": "r0c1-r1c1"
      },
      "geometry": {
        "type": "LineString",
        "coordinates": [
          [
            80.2138456701684,
            12.96199999350193
          ],
          [
            80.21386565087397,
            12.962337238496874
          ]
        ]
      }
    },
    {
      "type": "Feature",
      "properties": {
        "id": "s_r0c1_r1c1_1->s_r0c1_r1c1_2",
        "name": "Ram Nagar Main Rd",
        "surface": "asphalt",
        "stairs": false,
        "kerbCm": 0,
        "lanes": 2,
        "crossing": "none",
        "slope": 2.7,
        "coarseId": "r0c1-r1c1"
      },
      "geometry": {
        "type": "LineString",
        "coordinates": [
          [
            80.21386565087397,
            12.962337238496874
          ],
          [
            80.21384856878497,
            12.962674483754297
          ]
        ]
      }
    },
    {
      "type": "Feature",
      "properties": {
        "id": "s_r0c1_r1c1_2->s_r0c1_r1c1_3",
        "name": "Ram Nagar Main Rd",
        "surface": "asphalt",
        "stairs": false,
        "kerbCm": 0,
        "lanes": 2,
        "crossing": "none",
        "slope": 2.7,
        "coarseId": "r0c1-r1c1"
      },
      "geometry": {
        "type": "LineString",
        "coordinates": [
          [
            80.21384856878497,
            12.962674483754297
          ],
          [
            80.21385244421724,
            12.963011728863334
          ]
        ]
      }
    },
    {
      "type": "Feature",
      "properties": {
        "id": "r1c1->s_r0c1_r1c1_3",
        "name": "Ram Nagar Main Rd",
        "surface": "asphalt",
        "stairs": false,
        "kerbCm": 0,
        "lanes": 2,
        "crossing": "none",
        "slope": 2.7,
        "coarseId": "r0c1-r1c1"
      },
      "geometry": {
        "type": "LineString",
        "coordinates": [
          [
            80.2138456701684,
            12.963348974047516
          ],
          [
            80.21385244421724,
            12.963011728863334
          ]
        ]
      }
    },
    {
      "type": "Feature",
      "properties": {
        "id": "r0c2->s_r0c2_r0c3_1",
        "name": "Pallikaranai Marsh Rd",
        "surface": "asphalt",
        "stairs": false,
        "kerbCm": 0,
        "lanes": 2,
        "crossing": "none",
        "slope": 0.3,
        "coarseId": "r0c2-r0c3"
      },
      "geometry": {
        "type": "LineString",
        "coordinates": [
          [
            80.21569134033659,
            12.96199997400772
          ],
          [
            80.21606047437018,
            12.961981240244532
          ]
        ]
      }
    },
    {
      "type": "Feature",
      "properties": {
        "id": "s_r0c2_r0c3_1->s_r0c2_r0c3_2",
        "name": "Pallikaranai Marsh Rd",
        "surface": "asphalt",
        "stairs": false,
        "kerbCm": 0,
        "lanes": 2,
        "crossing": "none",
        "slope": 0.3,
        "coarseId": "r0c2-r0c3"
      },
      "geometry": {
        "type": "LineString",
        "coordinates": [
          [
            80.21606047437018,
            12.961981240244532
          ],
          [
            80.21642960840376,
            12.962018730999146
          ]
        ]
      }
    },
    {
      "type": "Feature",
      "properties": {
        "id": "s_r0c2_r0c3_2->s_r0c2_r0c3_3",
        "name": "Pallikaranai Marsh Rd",
        "surface": "asphalt",
        "stairs": false,
        "kerbCm": 0,
        "lanes": 2,
        "crossing": "none",
        "slope": 0.2,
        "coarseId": "r0c2-r0c3"
      },
      "geometry": {
        "type": "LineString",
        "coordinates": [
          [
            80.21642960840376,
            12.962018730999146
          ],
          [
            80.21679874243732,
            12.962004061641537
          ]
        ]
      }
    },
    {
      "type": "Feature",
      "properties": {
        "id": "s_r0c2_r0c3_3->s_r0c2_r0c3_4",
        "name": "Pallikaranai Marsh Rd",
        "surface": "asphalt",
        "stairs": false,
        "kerbCm": 0,
        "lanes": 2,
        "crossing": "none",
        "slope": 0.3,
        "coarseId": "r0c2-r0c3"
      },
      "geometry": {
        "type": "LineString",
        "coordinates": [
          [
            80.21679874243732,
            12.962004061641537
          ],
          [
            80.21716787647087,
            12.962026886117705
          ]
        ]
      }
    },
    {
      "type": "Feature",
      "properties": {
        "id": "r0c3->s_r0c2_r0c3_4",
        "name": "Pallikaranai Marsh Rd",
        "surface": "asphalt",
        "stairs": false,
        "kerbCm": 0,
        "lanes": 2,
        "crossing": "none",
        "slope": 0.3,
        "coarseId": "r0c2-r0c3"
      },
      "geometry": {
        "type": "LineString",
        "coordinates": [
          [
            80.21753701050439,
            12.961999941517366
          ],
          [
            80.21716787647087,
            12.962026886117705
          ]
        ]
      }
    },
    {
      "type": "Feature",
      "properties": {
        "id": "r0c2->s_r0c2_r1c2_1",
        "name": "Dhandeeswaram Ave",
        "surface": "asphalt",
        "stairs": false,
        "kerbCm": 0,
        "lanes": 2,
        "crossing": "none",
        "slope": 2.7,
        "coarseId": "r0c2-r1c2"
      },
      "geometry": {
        "type": "LineString",
        "coordinates": [
          [
            80.21569134033659,
            12.96199997400772
          ],
          [
            80.2156828791799,
            12.962337219263135
          ]
        ]
      }
    },
    {
      "type": "Feature",
      "properties": {
        "id": "s_r0c2_r1c2_1->s_r0c2_r1c2_2",
        "name": "Dhandeeswaram Ave",
        "surface": "asphalt",
        "stairs": false,
        "kerbCm": 0,
        "lanes": 2,
        "crossing": "none",
        "slope": 2.7,
        "coarseId": "r0c2-r1c2"
      },
      "geometry": {
        "type": "LineString",
        "coordinates": [
          [
            80.2156828791799,
            12.962337219263135
          ],
          [
            80.21571811653884,
            12.962674463902058
          ]
        ]
      }
    },
    {
      "type": "Feature",
      "properties": {
        "id": "s_r0c2_r1c2_2->s_r0c2_r1c2_3",
        "name": "Dhandeeswaram Ave",
        "surface": "asphalt",
        "stairs": false,
        "kerbCm": 0,
        "lanes": 2,
        "crossing": "none",
        "slope": 2.7,
        "coarseId": "r0c2-r1c2"
      },
      "geometry": {
        "type": "LineString",
        "coordinates": [
          [
            80.21571811653884,
            12.962674463902058
          ],
          [
            80.21571077335774,
            12.963011709142515
          ]
        ]
      }
    },
    {
      "type": "Feature",
      "properties": {
        "id": "r1c2->s_r0c2_r1c2_3",
        "name": "Dhandeeswaram Ave",
        "surface": "asphalt",
        "stairs": false,
        "kerbCm": 0,
        "lanes": 2,
        "crossing": "none",
        "slope": 2.7,
        "coarseId": "r0c2-r1c2"
      },
      "geometry": {
        "type": "LineString",
        "coordinates": [
          [
            80.21569134033659,
            12.963348954553306
          ],
          [
            80.21571077335774,
            12.963011709142515
          ]
        ]
      }
    },
    {
      "type": "Feature",
      "properties": {
        "id": "r0c3->s_r0c3_r1c3_1",
        "name": "AGS Colony Rd",
        "surface": "asphalt",
        "stairs": false,
        "kerbCm": 0,
        "lanes": 2,
        "crossing": "none",
        "slope": 2.7,
        "coarseId": "r0c3-r1c3"
      },
      "geometry": {
        "type": "LineString",
        "coordinates": [
          [
            80.21753701050439,
            12.961999941517366
          ],
          [
            80.21755581662626,
            12.962337186255821
          ]
        ]
      }
    },
    {
      "type": "Feature",
      "properties": {
        "id": "s_r0c3_r1c3_1->s_r0c3_r1c3_2",
        "name": "AGS Colony Rd",
        "surface": "asphalt",
        "stairs": false,
        "kerbCm": 0,
        "lanes": 2,
        "crossing": "none",
        "slope": 2.7,
        "coarseId": "r0c3-r1c3"
      },
      "geometry": {
        "type": "LineString",
        "coordinates": [
          [
            80.21755581662626,
            12.962337186255821
          ],
          [
            80.2175401095882,
            12.962674431724674
          ]
        ]
      }
    },
    {
      "type": "Feature",
      "properties": {
        "id": "s_r0c3_r1c3_2->s_r0c3_r1c3_3",
        "name": "AGS Colony Rd",
        "surface": "asphalt",
        "stairs": false,
        "kerbCm": 0,
        "lanes": 2,
        "crossing": "none",
        "slope": 2.7,
        "coarseId": "r0c3-r1c3"
      },
      "geometry": {
        "type": "LineString",
        "coordinates": [
          [
            80.2175401095882,
            12.962674431724674
          ],
          [
            80.2175505485839,
            12.963011676640223
          ]
        ]
      }
    },
    {
      "type": "Feature",
      "properties": {
        "id": "r1c3->s_r0c3_r1c3_3",
        "name": "AGS Colony Rd",
        "surface": "asphalt",
        "stairs": false,
        "kerbCm": 0,
        "lanes": 2,
        "crossing": "none",
        "slope": 2.7,
        "coarseId": "r0c3-r1c3"
      },
      "geometry": {
        "type": "LineString",
        "coordinates": [
          [
            80.2175370105044,
            12.96334892206295
          ],
          [
            80.2175505485839,
            12.963011676640223
          ]
        ]
      }
    },
    {
      "type": "Feature",
      "properties": {
        "id": "r0c4->s_r0c4_r0c5_1",
        "name": "Pallikaranai Marsh Rd",
        "surface": "dirt",
        "stairs": false,
        "kerbCm": 0,
        "lanes": 2,
        "crossing": "none",
        "slope": 0.2,
        "coarseId": "r0c4-r0c5"
      },
      "geometry": {
        "type": "LineString",
        "coordinates": [
          [
            80.21938268067161,
            12.961999896030877
          ],
          [
            80.21975181470498,
            12.961994334703734
          ]
        ]
      }
    },
    {
      "type": "Feature",
      "properties": {
        "id": "s_r0c4_r0c5_1->s_r0c4_r0c5_2",
        "name": "Pallikaranai Marsh Rd",
        "surface": "dirt",
        "stairs": false,
        "kerbCm": 0,
        "lanes": 2,
        "crossing": "none",
        "slope": 0.3,
        "coarseId": "r0c4-r0c5"
      },
      "geometry": {
        "type": "LineString",
        "coordinates": [
          [
            80.21975181470498,
            12.961994334703734
          ],
          [
            80.2201209487383,
            12.962014455570408
          ]
        ]
      }
    },
    {
      "type": "Feature",
      "properties": {
        "id": "s_r0c4_r0c5_2->s_r0c4_r0c5_3",
        "name": "Pallikaranai Marsh Rd",
        "surface": "dirt",
        "stairs": false,
        "kerbCm": 0,
        "lanes": 2,
        "crossing": "none",
        "slope": 0.2,
        "coarseId": "r0c4-r0c5"
      },
      "geometry": {
        "type": "LineString",
        "coordinates": [
          [
            80.2201209487383,
            12.962014455570408
          ],
          [
            80.22049008277159,
            12.962014130549885
          ]
        ]
      }
    },
    {
      "type": "Feature",
      "properties": {
        "id": "s_r0c4_r0c5_3->s_r0c4_r0c5_4",
        "name": "Pallikaranai Marsh Rd",
        "surface": "dirt",
        "stairs": false,
        "kerbCm": 0,
        "lanes": 2,
        "crossing": "none",
        "slope": 0.3,
        "coarseId": "r0c4-r0c5"
      },
      "geometry": {
        "type": "LineString",
        "coordinates": [
          [
            80.22049008277159,
            12.962014130549885
          ],
          [
            80.22085921680485,
            12.961980401581785
          ]
        ]
      }
    },
    {
      "type": "Feature",
      "properties": {
        "id": "r0c5->s_r0c4_r0c5_4",
        "name": "Pallikaranai Marsh Rd",
        "surface": "dirt",
        "stairs": false,
        "kerbCm": 0,
        "lanes": 2,
        "crossing": "none",
        "slope": 0.2,
        "coarseId": "r0c4-r0c5"
      },
      "geometry": {
        "type": "LineString",
        "coordinates": [
          [
            80.22122835083808,
            12.961999837548241
          ],
          [
            80.22085921680485,
            12.961980401581785
          ]
        ]
      }
    },
    {
      "type": "Feature",
      "properties": {
        "id": "r0c4->s_r0c4_r1c4_1",
        "name": "Perungudi Bypass",
        "surface": "asphalt",
        "stairs": false,
        "kerbCm": 0,
        "lanes": 2,
        "crossing": "none",
        "slope": 2.7,
        "coarseId": "r0c4-r1c4"
      },
      "geometry": {
        "type": "LineString",
        "coordinates": [
          [
            80.21938268067161,
            12.961999896030877
          ],
          [
            80.21940707051334,
            12.962337140479175
          ]
        ]
      }
    },
    {
      "type": "Feature",
      "properties": {
        "id": "s_r0c4_r1c4_1->s_r0c4_r1c4_2",
        "name": "Perungudi Bypass",
        "surface": "asphalt",
        "stairs": false,
        "kerbCm": 0,
        "lanes": 2,
        "crossing": "none",
        "slope": 2.7,
        "coarseId": "r0c4-r1c4"
      },
      "geometry": {
        "type": "LineString",
        "coordinates": [
          [
            80.21940707051334,
            12.962337140479175
          ],
          [
            80.21937143792957,
            12.962674386620085
          ]
        ]
      }
    },
    {
      "type": "Feature",
      "properties": {
        "id": "s_r0c4_r1c4_2->s_r0c4_r1c4_3",
        "name": "Perungudi Bypass",
        "surface": "asphalt",
        "stairs": false,
        "kerbCm": 0,
        "lanes": 2,
        "crossing": "none",
        "slope": 2.7,
        "coarseId": "r0c4-r1c4"
      },
      "geometry": {
        "type": "LineString",
        "coordinates": [
          [
            80.21937143792957,
            12.962674386620085
          ],
          [
            80.21940319788447,
            12.963011630861379
          ]
        ]
      }
    },
    {
      "type": "Feature",
      "properties": {
        "id": "r1c4->s_r0c4_r1c4_3",
        "name": "Perungudi Bypass",
        "surface": "asphalt",
        "stairs": false,
        "kerbCm": 0,
        "lanes": 2,
        "crossing": "none",
        "slope": 2.7,
        "coarseId": "r0c4-r1c4"
      },
      "geometry": {
        "type": "LineString",
        "coordinates": [
          [
            80.21938268067161,
            12.963348876576465
          ],
          [
            80.21940319788447,
            12.963011630861379
          ]
        ]
      }
    },
    {
      "type": "Feature",
      "properties": {
        "id": "r0c5->s_r0c5_r1c5_1",
        "name": "Thoraipakkam Radial",
        "surface": "asphalt",
        "stairs": false,
        "kerbCm": 0,
        "lanes": 2,
        "crossing": "none",
        "slope": 2.7,
        "coarseId": "r0c5-r1c5"
      },
      "geometry": {
        "type": "LineString",
        "coordinates": [
          [
            80.22122835083808,
            12.961999837548241
          ],
          [
            80.22121255663069,
            12.962337083240229
          ]
        ]
      }
    },
    {
      "type": "Feature",
      "properties": {
        "id": "s_r0c5_r1c5_1->s_r0c5_r1c5_2",
        "name": "Thoraipakkam Radial",
        "surface": "asphalt",
        "stairs": false,
        "kerbCm": 0,
        "lanes": 2,
        "crossing": "none",
        "slope": 2.7,
        "coarseId": "r0c5-r1c5"
      },
      "geometry": {
        "type": "LineString",
        "coordinates": [
          [
            80.22121255663069,
            12.962337083240229
          ],
          [
            80.22124766891163,
            12.962674327140189
          ]
        ]
      }
    },
    {
      "type": "Feature",
      "properties": {
        "id": "s_r0c5_r1c5_2->s_r0c5_r1c5_3",
        "name": "Thoraipakkam Radial",
        "surface": "asphalt",
        "stairs": false,
        "kerbCm": 0,
        "lanes": 2,
        "crossing": "none",
        "slope": 2.7,
        "coarseId": "r0c5-r1c5"
      },
      "geometry": {
        "type": "LineString",
        "coordinates": [
          [
            80.22124766891163,
            12.962674327140189
          ],
          [
            80.22120879850145,
            12.963011573645081
          ]
        ]
      }
    },
    {
      "type": "Feature",
      "properties": {
        "id": "r1c5->s_r0c5_r1c5_3",
        "name": "Thoraipakkam Radial",
        "surface": "asphalt",
        "stairs": false,
        "kerbCm": 0,
        "lanes": 2,
        "crossing": "none",
        "slope": 2.7,
        "coarseId": "r0c5-r1c5"
      },
      "geometry": {
        "type": "LineString",
        "coordinates": [
          [
            80.22122835083808,
            12.963348818093829
          ],
          [
            80.22120879850145,
            12.963011573645081
          ]
        ]
      }
    },
    {
      "type": "Feature",
      "properties": {
        "id": "r1c0->s_r1c0_r1c1_1",
        "name": "Velachery Main Rd",
        "surface": "asphalt",
        "stairs": false,
        "kerbCm": 0,
        "lanes": 2,
        "crossing": "none",
        "slope": 0.2,
        "coarseId": "r1c0-r1c1"
      },
      "geometry": {
        "type": "LineString",
        "coordinates": [
          [
            80.212,
            12.963348980545586
          ],
          [
            80.21236913403368,
            12.963319658947537
          ]
        ]
      }
    },
    {
      "type": "Feature",
      "properties": {
        "id": "s_r1c0_r1c1_1->s_r1c0_r1c1_2",
        "name": "Velachery Main Rd",
        "surface": "asphalt",
        "stairs": false,
        "kerbCm": 0,
        "lanes": 2,
        "crossing": "none",
        "slope": 0.3,
        "coarseId": "r1c0-r1c1"
      },
      "geometry": {
        "type": "LineString",
        "coordinates": [
          [
            80.21236913403368,
            12.963319658947537
          ],
          [
            80.21273826806737,
            12.963353024411415
          ]
        ]
      }
    },
    {
      "type": "Feature",
      "properties": {
        "id": "s_r1c0_r1c1_2->s_r1c0_r1c1_3",
        "name": "Velachery Main Rd",
        "surface": "asphalt",
        "stairs": false,
        "kerbCm": 0,
        "lanes": 2,
        "crossing": "none",
        "slope": 0.2,
        "coarseId": "r1c0-r1c1"
      },
      "geometry": {
        "type": "LineString",
        "coordinates": [
          [
            80.21273826806737,
            12.963353024411415
          ],
          [
            80.21310740210104,
            12.963344949095713
          ]
        ]
      }
    },
    {
      "type": "Feature",
      "properties": {
        "id": "s_r1c0_r1c1_3->s_r1c0_r1c1_4",
        "name": "Velachery Main Rd",
        "surface": "asphalt",
        "stairs": false,
        "kerbCm": 0,
        "lanes": 2,
        "crossing": "none",
        "slope": 0.3,
        "coarseId": "r1c0-r1c1"
      },
      "geometry": {
        "type": "LineString",
        "coordinates": [
          [
            80.21310740210104,
            12.963344949095713
          ],
          [
            80.21347653613472,
            12.963341859016415
          ]
        ]
      }
    },
    {
      "type": "Feature",
      "properties": {
        "id": "r1c1->s_r1c0_r1c1_4",
        "name": "Velachery Main Rd",
        "surface": "asphalt",
        "stairs": false,
        "kerbCm": 0,
        "lanes": 2,
        "crossing": "none",
        "slope": 0.2,
        "coarseId": "r1c0-r1c1"
      },
      "geometry": {
        "type": "LineString",
        "coordinates": [
          [
            80.2138456701684,
            12.963348974047516
          ],
          [
            80.21347653613472,
            12.963341859016415
          ]
        ]
      }
    },
    {
      "type": "Feature",
      "properties": {
        "id": "r1c0->s_r1c0_r2c0_1",
        "name": "Inner Ring Rd",
        "surface": "asphalt",
        "stairs": false,
        "kerbCm": 0,
        "lanes": 2,
        "crossing": "none",
        "slope": 2.7,
        "coarseId": "r1c0-r2c0"
      },
      "geometry": {
        "type": "LineString",
        "coordinates": [
          [
            80.212,
            12.963348980545586
          ],
          [
            80.21201465915776,
            12.963686225681574
          ]
        ]
      }
    },
    {
      "type": "Feature",
      "properties": {
        "id": "s_r1c0_r2c0_1->s_r1c0_r2c0_2",
        "name": "Inner Ring Rd",
        "surface": "asphalt",
        "stairs": false,
        "kerbCm": 0,
        "lanes": 2,
        "crossing": "none",
        "slope": 2.7,
        "coarseId": "r1c0-r2c0"
      },
      "geometry": {
        "type": "LineString",
        "coordinates": [
          [
            80.21201465915776,
            12.963686225681574
          ],
          [
            80.21203161723794,
            12.964023470816475
          ]
        ]
      }
    },
    {
      "type": "Feature",
      "properties": {
        "id": "s_r1c0_r2c0_2->s_r1c0_r2c0_3",
        "name": "Inner Ring Rd",
        "surface": "asphalt",
        "stairs": false,
        "kerbCm": 0,
        "lanes": 2,
        "crossing": "none",
        "slope": 2.7,
        "coarseId": "r1c0-r2c0"
      },
      "geometry": {
        "type": "LineString",
        "coordinates": [
          [
            80.21203161723794,
            12.964023470816475
          ],
          [
            80.21202309410577,
            12.964360715953758
          ]
        ]
      }
    },
    {
      "type": "Feature",
      "properties": {
        "id": "r2c0->s_r1c0_r2c0_3",
        "name": "Inner Ring Rd",
        "surface": "asphalt",
        "stairs": false,
        "kerbCm": 0,
        "lanes": 2,
        "crossing": "none",
        "slope": 2.7,
        "coarseId": "r1c0-r2c0"
      },
      "geometry": {
        "type": "LineString",
        "coordinates": [
          [
            80.212,
            12.964697961091172
          ],
          [
            80.21202309410577,
            12.964360715953758
          ]
        ]
      }
    },
    {
      "type": "Feature",
      "properties": {
        "id": "r1c1->s_r1c1_r1c2_1",
        "name": "Velachery Main Rd",
        "surface": "asphalt",
        "stairs": false,
        "kerbCm": 0,
        "lanes": 2,
        "crossing": "none",
        "slope": 0.2,
        "coarseId": "r1c1-r1c2"
      },
      "geometry": {
        "type": "LineString",
        "coordinates": [
          [
            80.2138456701684,
            12.963348974047516
          ],
          [
            80.21421480420206,
            12.963333393505085
          ]
        ]
      }
    },
    {
      "type": "Feature",
      "properties": {
        "id": "s_r1c1_r1c2_1->s_r1c1_r1c2_2",
        "name": "Velachery Main Rd",
        "surface": "asphalt",
        "stairs": false,
        "kerbCm": 0,
        "lanes": 2,
        "crossing": "none",
        "slope": 0.3,
        "coarseId": "r1c1-r1c2"
      },
      "geometry": {
        "type": "LineString",
        "coordinates": [
          [
            80.21421480420206,
            12.963333393505085
          ],
          [
            80.21458393823569,
            12.963337975147315
          ]
        ]
      }
    },
    {
      "type": "Feature",
      "properties": {
        "id": "s_r1c1_r1c2_2->s_r1c1_r1c2_3",
        "name": "Velachery Main Rd",
        "surface": "asphalt",
        "stairs": false,
        "kerbCm": 0,
        "lanes": 2,
        "crossing": "none",
        "slope": 0.2,
        "coarseId": "r1c1-r1c2"
      },
      "geometry": {
        "type": "LineString",
        "coordinates": [
          [
            80.21458393823569,
            12.963337975147315
          ],
          [
            80.21495307226935,
            12.963353355563502
          ]
        ]
      }
    },
    {
      "type": "Feature",
      "properties": {
        "id": "s_r1c1_r1c2_3->s_r1c1_r1c2_4",
        "name": "Velachery Main Rd",
        "surface": "asphalt",
        "stairs": false,
        "kerbCm": 0,
        "lanes": 2,
        "crossing": "none",
        "slope": 0.3,
        "coarseId": "r1c1-r1c2"
      },
      "geometry": {
        "type": "LineString",
        "coordinates": [
          [
            80.21495307226935,
            12.963353355563502
          ],
          [
            80.21532220630296,
            12.963335916935355
          ]
        ]
      }
    },
    {
      "type": "Feature",
      "properties": {
        "id": "r1c2->s_r1c1_r1c2_4",
        "name": "Velachery Main Rd",
        "surface": "asphalt",
        "stairs": false,
        "kerbCm": 0,
        "lanes": 2,
        "crossing": "none",
        "slope": 0.2,
        "coarseId": "r1c1-r1c2"
      },
      "geometry": {
        "type": "LineString",
        "coordinates": [
          [
            80.21569134033659,
            12.963348954553306
          ],
          [
            80.21532220630296,
            12.963335916935355
          ]
        ]
      }
    },
    {
      "type": "Feature",
      "properties": {
        "id": "r1c1->s_r1c1_r2c1_1",
        "name": "Temple Steps",
        "surface": "asphalt",
        "stairs": true,
        "kerbCm": 0,
        "lanes": 2,
        "crossing": "none",
        "slope": 4.3,
        "coarseId": "r1c1-r2c1"
      },
      "geometry": {
        "type": "LineString",
        "coordinates": [
          [
            80.2138456701684,
            12.963348974047516
          ],
          [
            80.21384107800418,
            12.963798634261673
          ]
        ]
      }
    },
    {
      "type": "Feature",
      "properties": {
        "id": "s_r1c1_r2c1_1->s_r1c1_r2c1_2",
        "name": "Temple Steps",
        "surface": "asphalt",
        "stairs": true,
        "kerbCm": 0,
        "lanes": 2,
        "crossing": "none",
        "slope": 4.7,
        "coarseId": "r1c1-r2c1"
      },
      "geometry": {
        "type": "LineString",
        "coordinates": [
          [
            80.21384107800418,
            12.963798634261673
          ],
          [
            80.21384929370197,
            12.964248294385703
          ]
        ]
      }
    },
    {
      "type": "Feature",
      "properties": {
        "id": "r2c1->s_r1c1_r2c1_2",
        "name": "Temple Steps",
        "surface": "asphalt",
        "stairs": true,
        "kerbCm": 0,
        "lanes": 2,
        "crossing": "none",
        "slope": 4.3,
        "coarseId": "r1c1-r2c1"
      },
      "geometry": {
        "type": "LineString",
        "coordinates": [
          [
            80.2138456701684,
            12.9646979545931
          ],
          [
            80.21384929370197,
            12.964248294385703
          ]
        ]
      }
    },
    {
      "type": "Feature",
      "properties": {
        "id": "r1c2->s_r1c2_r1c3_1",
        "name": "Velachery Main Rd",
        "surface": "asphalt",
        "stairs": false,
        "kerbCm": 0,
        "lanes": 4,
        "crossing": "unsignalized",
        "slope": 0.2,
        "coarseId": "r1c2-r1c3"
      },
      "geometry": {
        "type": "LineString",
        "coordinates": [
          [
            80.21569134033659,
            12.963348954553306
          ],
          [
            80.21606047437018,
            12.96334716434934
          ]
        ]
      }
    },
    {
      "type": "Feature",
      "properties": {
        "id": "s_r1c2_r1c3_1->s_r1c2_r1c3_2",
        "name": "Velachery Main Rd",
        "surface": "asphalt",
        "stairs": false,
        "kerbCm": 0,
        "lanes": 4,
        "crossing": "unsignalized",
        "slope": 0.3,
        "coarseId": "r1c2-r1c3"
      },
      "geometry": {
        "type": "LineString",
        "coordinates": [
          [
            80.21606047437018,
            12.96334716434934
          ],
          [
            80.21642960840376,
            12.963371562687923
          ]
        ]
      }
    },
    {
      "type": "Feature",
      "properties": {
        "id": "s_r1c2_r1c3_2->s_r1c2_r1c3_3",
        "name": "Velachery Main Rd",
        "surface": "asphalt",
        "stairs": false,
        "kerbCm": 0,
        "lanes": 4,
        "crossing": "unsignalized",
        "slope": 0.2,
        "coarseId": "r1c2-r1c3"
      },
      "geometry": {
        "type": "LineString",
        "coordinates": [
          [
            80.21642960840376,
            12.963371562687923
          ],
          [
            80.21679874243732,
            12.963377725363076
          ]
        ]
      }
    },
    {
      "type": "Feature",
      "properties": {
        "id": "s_r1c2_r1c3_3->s_r1c2_r1c3_4",
        "name": "Velachery Main Rd",
        "surface": "asphalt",
        "stairs": false,
        "kerbCm": 0,
        "lanes": 4,
        "crossing": "unsignalized",
        "slope": 0.3,
        "coarseId": "r1c2-r1c3"
      },
      "geometry": {
        "type": "LineString",
        "coordinates": [
          [
            80.21679874243732,
            12.963377725363076
          ],
          [
            80.21716787647087,
            12.963360609542962
          ]
        ]
      }
    },
    {
      "type": "Feature",
      "properties": {
        "id": "r1c3->s_r1c2_r1c3_4",
        "name": "Velachery Main Rd",
        "surface": "asphalt",
        "stairs": false,
        "kerbCm": 0,
        "lanes": 4,
        "crossing": "unsignalized",
        "slope": 0.2,
        "coarseId": "r1c2-r1c3"
      },
      "geometry": {
        "type": "LineString",
        "coordinates": [
          [
            80.2175370105044,
            12.96334892206295
          ],
          [
            80.21716787647087,
            12.963360609542962
          ]
        ]
      }
    },
    {
      "type": "Feature",
      "properties": {
        "id": "r1c2->s_r1c2_r2c2_1",
        "name": "Dhandeeswaram Ave",
        "surface": "asphalt",
        "stairs": false,
        "kerbCm": 0,
        "lanes": 2,
        "crossing": "none",
        "slope": 2.7,
        "coarseId": "r1c2-r2c2"
      },
      "geometry": {
        "type": "LineString",
        "coordinates": [
          [
            80.21569134033659,
            12.963348954553306
          ],
          [
            80.21572081594331,
            12.963686199272946
          ]
        ]
      }
    },
    {
      "type": "Feature",
      "properties": {
        "id": "s_r1c2_r2c2_1->s_r1c2_r2c2_2",
        "name": "Dhandeeswaram Ave",
        "surface": "asphalt",
        "stairs": false,
        "kerbCm": 0,
        "lanes": 2,
        "crossing": "none",
        "slope": 2.7,
        "coarseId": "r1c2-r2c2"
      },
      "geometry": {
        "type": "LineString",
        "coordinates": [
          [
            80.21572081594331,
            12.963686199272946
          ],
          [
            80.21571332765554,
            12.964023444515533
          ]
        ]
      }
    },
    {
      "type": "Feature",
      "properties": {
        "id": "s_r1c2_r2c2_2->s_r1c2_r2c2_3",
        "name": "Dhandeeswaram Ave",
        "surface": "asphalt",
        "stairs": false,
        "kerbCm": 0,
        "lanes": 2,
        "crossing": "none",
        "slope": 2.7,
        "coarseId": "r1c2-r2c2"
      },
      "geometry": {
        "type": "LineString",
        "coordinates": [
          [
            80.21571332765554,
            12.964023444515533
          ],
          [
            80.21570689412614,
            12.964360689742994
          ]
        ]
      }
    },
    {
      "type": "Feature",
      "properties": {
        "id": "r2c2->s_r1c2_r2c2_3",
        "name": "Dhandeeswaram Ave",
        "surface": "asphalt",
        "stairs": false,
        "kerbCm": 0,
        "lanes": 2,
        "crossing": "none",
        "slope": 2.7,
        "coarseId": "r1c2-r2c2"
      },
      "geometry": {
        "type": "LineString",
        "coordinates": [
          [
            80.21569134033659,
            12.964697935098892
          ],
          [
            80.21570689412614,
            12.964360689742994
          ]
        ]
      }
    },
    {
      "type": "Feature",
      "properties": {
        "id": "r1c3->s_r1c3_r1c4_1",
        "name": "Velachery Main Rd",
        "surface": "asphalt",
        "stairs": false,
        "kerbCm": 0,
        "lanes": 2,
        "crossing": "none",
        "slope": 0.2,
        "coarseId": "r1c3-r1c4"
      },
      "geometry": {
        "type": "LineString",
        "coordinates": [
          [
            80.2175370105044,
            12.96334892206295
          ],
          [
            80.21790614453789,
            12.963325395011568
          ]
        ]
      }
    },
    {
      "type": "Feature",
      "properties": {
        "id": "s_r1c3_r1c4_1->s_r1c3_r1c4_2",
        "name": "Velachery Main Rd",
        "surface": "asphalt",
        "stairs": false,
        "kerbCm": 0,
        "lanes": 2,
        "crossing": "none",
        "slope": 0.3,
        "coarseId": "r1c3-r1c4"
      },
      "geometry": {
        "type": "LineString",
        "coordinates": [
          [
            80.21790614453789,
            12.963325395011568
          ],
          [
            80.21827527857135,
            12.963325630502984
          ]
        ]
      }
    },
    {
      "type": "Feature",
      "properties": {
        "id": "s_r1c3_r1c4_2->s_r1c3_r1c4_3",
        "name": "Velachery Main Rd",
        "surface": "asphalt",
        "stairs": false,
        "kerbCm": 0,
        "lanes": 2,
        "crossing": "none",
        "slope": 0.2,
        "coarseId": "r1c3-r1c4"
      },
      "geometry": {
        "type": "LineString",
        "coordinates": [
          [
            80.21827527857135,
            12.963325630502984
          ],
          [
            80.2186444126048,
            12.963333759749494
          ]
        ]
      }
    },
    {
      "type": "Feature",
      "properties": {
        "id": "s_r1c3_r1c4_3->s_r1c3_r1c4_4",
        "name": "Velachery Main Rd",
        "surface": "asphalt",
        "stairs": false,
        "kerbCm": 0,
        "lanes": 2,
        "crossing": "none",
        "slope": 0.3,
        "coarseId": "r1c3-r1c4"
      },
      "geometry": {
        "type": "LineString",
        "coordinates": [
          [
            80.2186444126048,
            12.963333759749494
          ],
          [
            80.21901354663822,
            12.963338100343728
          ]
        ]
      }
    },
    {
      "type": "Feature",
      "properties": {
        "id": "r1c4->s_r1c3_r1c4_4",
        "name": "Velachery Main Rd",
        "surface": "asphalt",
        "stairs": false,
        "kerbCm": 0,
        "lanes": 2,
        "crossing": "none",
        "slope": 0.2,
        "coarseId": "r1c3-r1c4"
      },
      "geometry": {
        "type": "LineString",
        "coordinates": [
          [
            80.21938268067161,
            12.963348876576465
          ],
          [
            80.21901354663822,
            12.963338100343728
          ]
        ]
      }
    },
    {
      "type": "Feature",
      "properties": {
        "id": "r1c3->s_r1c3_r2c3_1",
        "name": "AGS Colony Rd",
        "surface": "asphalt",
        "stairs": false,
        "kerbCm": 0,
        "lanes": 2,
        "crossing": "none",
        "slope": 9.1,
        "coarseId": "r1c3-r2c3"
      },
      "geometry": {
        "type": "LineString",
        "coordinates": [
          [
            80.2175370105044,
            12.96334892206295
          ],
          [
            80.21755452370742,
            12.963686166828811
          ]
        ]
      }
    },
    {
      "type": "Feature",
      "properties": {
        "id": "s_r1c3_r2c3_1->s_r1c3_r2c3_2",
        "name": "AGS Colony Rd",
        "surface": "asphalt",
        "stairs": false,
        "kerbCm": 0,
        "lanes": 2,
        "crossing": "none",
        "slope": 9.1,
        "coarseId": "r1c3-r2c3"
      },
      "geometry": {
        "type": "LineString",
        "coordinates": [
          [
            80.21755452370742,
            12.963686166828811
          ],
          [
            80.21755920828092,
            12.964023411865897
          ]
        ]
      }
    },
    {
      "type": "Feature",
      "properties": {
        "id": "s_r1c3_r2c3_2->s_r1c3_r2c3_3",
        "name": "AGS Colony Rd",
        "surface": "asphalt",
        "stairs": false,
        "kerbCm": 0,
        "lanes": 2,
        "crossing": "none",
        "slope": 8.8,
        "coarseId": "r1c3-r2c3"
      },
      "geometry": {
        "type": "LineString",
        "coordinates": [
          [
            80.21755920828092,
            12.964023411865897
          ],
          [
            80.21755909286402,
            12.964360657004741
          ]
        ]
      }
    },
    {
      "type": "Feature",
      "properties": {
        "id": "r2c3->s_r1c3_r2c3_3",
        "name": "AGS Colony Rd",
        "surface": "asphalt",
        "stairs": false,
        "kerbCm": 0,
        "lanes": 2,
        "crossing": "none",
        "slope": 9.1,
        "coarseId": "r1c3-r2c3"
      },
      "geometry": {
        "type": "LineString",
        "coordinates": [
          [
            80.2175370105044,
            12.964697902608542
          ],
          [
            80.21755909286402,
            12.964360657004741
          ]
        ]
      }
    },
    {
      "type": "Feature",
      "properties": {
        "id": "r1c4->s_r1c4_r1c5_1",
        "name": "Velachery Main Rd",
        "surface": "asphalt",
        "stairs": false,
        "kerbCm": 15,
        "lanes": 2,
        "crossing": "none",
        "slope": 0.2,
        "coarseId": "r1c4-r1c5"
      },
      "geometry": {
        "type": "LineString",
        "coordinates": [
          [
            80.21938268067161,
            12.963348876576465
          ],
          [
            80.21975181470498,
            12.963363567452413
          ]
        ]
      }
    },
    {
      "type": "Feature",
      "properties": {
        "id": "s_r1c4_r1c5_1->s_r1c4_r1c5_2",
        "name": "Velachery Main Rd",
        "surface": "asphalt",
        "stairs": false,
        "kerbCm": 15,
        "lanes": 2,
        "crossing": "none",
        "slope": 0.2,
        "coarseId": "r1c4-r1c5"
      },
      "geometry": {
        "type": "LineString",
        "coordinates": [
          [
            80.21975181470498,
            12.963363567452413
          ],
          [
            80.2201209487383,
            12.96335127913252
          ]
        ]
      }
    },
    {
      "type": "Feature",
      "properties": {
        "id": "s_r1c4_r1c5_2->s_r1c4_r1c5_3",
        "name": "Velachery Main Rd",
        "surface": "asphalt",
        "stairs": false,
        "kerbCm": 15,
        "lanes": 2,
        "crossing": "none",
        "slope": 0.3,
        "coarseId": "r1c4-r1c5"
      },
      "geometry": {
        "type": "LineString",
        "coordinates": [
          [
            80.2201209487383,
            12.96335127913252
          ],
          [
            80.22049008277159,
            12.963350367900238
          ]
        ]
      }
    },
    {
      "type": "Feature",
      "properties": {
        "id": "s_r1c4_r1c5_3->s_r1c4_r1c5_4",
        "name": "Velachery Main Rd",
        "surface": "asphalt",
        "stairs": false,
        "kerbCm": 15,
        "lanes": 2,
        "crossing": "none",
        "slope": 0.2,
        "coarseId": "r1c4-r1c5"
      },
      "geometry": {
        "type": "LineString",
        "coordinates": [
          [
            80.22049008277159,
            12.963350367900238
          ],
          [
            80.22085921680485,
            12.963355038484558
          ]
        ]
      }
    },
    {
      "type": "Feature",
      "properties": {
        "id": "r1c5->s_r1c4_r1c5_4",
        "name": "Velachery Main Rd",
        "surface": "asphalt",
        "stairs": false,
        "kerbCm": 15,
        "lanes": 2,
        "crossing": "none",
        "slope": 0.2,
        "coarseId": "r1c4-r1c5"
      },
      "geometry": {
        "type": "LineString",
        "coordinates": [
          [
            80.22122835083808,
            12.963348818093829
          ],
          [
            80.22085921680485,
            12.963355038484558
          ]
        ]
      }
    },
    {
      "type": "Feature",
      "properties": {
        "id": "r1c4->s_r1c4_r2c4_1",
        "name": "Bazaar Steps",
        "surface": "asphalt",
        "stairs": true,
        "kerbCm": 0,
        "lanes": 2,
        "crossing": "none",
        "slope": 3.9,
        "coarseId": "r1c4-r2c4"
      },
      "geometry": {
        "type": "LineString",
        "coordinates": [
          [
            80.21938268067161,
            12.963348876576465
          ],
          [
            80.21937813772138,
            12.963798536886237
          ]
        ]
      }
    },
    {
      "type": "Feature",
      "properties": {
        "id": "s_r1c4_r2c4_1->s_r1c4_r2c4_2",
        "name": "Bazaar Steps",
        "surface": "asphalt",
        "stairs": true,
        "kerbCm": 0,
        "lanes": 2,
        "crossing": "none",
        "slope": 4.2,
        "coarseId": "r1c4-r2c4"
      },
      "geometry": {
        "type": "LineString",
        "coordinates": [
          [
            80.21937813772138,
            12.963798536886237
          ],
          [
            80.21941152712097,
            12.964248196126118
          ]
        ]
      }
    },
    {
      "type": "Feature",
      "properties": {
        "id": "r2c4->s_r1c4_r2c4_2",
        "name": "Bazaar Steps",
        "surface": "asphalt",
        "stairs": true,
        "kerbCm": 0,
        "lanes": 2,
        "crossing": "none",
        "slope": 3.9,
        "coarseId": "r1c4-r2c4"
      },
      "geometry": {
        "type": "LineString",
        "coordinates": [
          [
            80.21938268067161,
            12.96469785712205
          ],
          [
            80.21941152712097,
            12.964248196126118
          ]
        ]
      }
    },
    {
      "type": "Feature",
      "properties": {
        "id": "r1c5->s_r1c5_r2c5_1",
        "name": "Thoraipakkam Radial",
        "surface": "asphalt",
        "stairs": false,
        "kerbCm": 0,
        "lanes": 2,
        "crossing": "none",
        "slope": 2.7,
        "coarseId": "r1c5-r2c5"
      },
      "geometry": {
        "type": "LineString",
        "coordinates": [
          [
            80.22122835083808,
            12.963348818093829
          ],
          [
            80.22124923901175,
            12.963686062493984
          ]
        ]
      }
    },
    {
      "type": "Feature",
      "properties": {
        "id": "s_r1c5_r2c5_1->s_r1c5_r2c5_2",
        "name": "Thoraipakkam Radial",
        "surface": "asphalt",
        "stairs": false,
        "kerbCm": 0,
        "lanes": 2,
        "crossing": "none",
        "slope": 2.7,
        "coarseId": "r1c5-r2c5"
      },
      "geometry": {
        "type": "LineString",
        "coordinates": [
          [
            80.22124923901175,
            12.963686062493984
          ],
          [
            80.22124352367375,
            12.96402330783199
          ]
        ]
      }
    },
    {
      "type": "Feature",
      "properties": {
        "id": "s_r1c5_r2c5_2->s_r1c5_r2c5_3",
        "name": "Thoraipakkam Radial",
        "surface": "asphalt",
        "stairs": false,
        "kerbCm": 0,
        "lanes": 2,
        "crossing": "none",
        "slope": 2.7,
        "coarseId": "r1c5-r2c5"
      },
      "geometry": {
        "type": "LineString",
        "coordinates": [
          [
            80.22124352367375,
            12.96402330783199
          ],
          [
            80.22120679382233,
            12.964360554261091
          ]
        ]
      }
    },
    {
      "type": "Feature",
      "properties": {
        "id": "r2c5->s_r1c5_r2c5_3",
        "name": "Thoraipakkam Radial",
        "surface": "asphalt",
        "stairs": false,
        "kerbCm": 0,
        "lanes": 2,
        "crossing": "none",
        "slope": 2.7,
        "coarseId": "r1c5-r2c5"
      },
      "geometry": {
        "type": "LineString",
        "coordinates": [
          [
            80.22122835083808,
            12.964697798639415
          ],
          [
            80.22120679382233,
            12.964360554261091
          ]
        ]
      }
    },
    {
      "type": "Feature",
      "properties": {
        "id": "r2c0->s_r2c0_r2c1_1",
        "name": "Taramani Link Rd",
        "surface": "gravel",
        "stairs": false,
        "kerbCm": 0,
        "lanes": 2,
        "crossing": "none",
        "slope": 0.2,
        "coarseId": "r2c0-r2c1"
      },
      "geometry": {
        "type": "LineString",
        "coordinates": [
          [
            80.212,
            12.964697961091172
          ],
          [
            80.21236913403368,
            12.964680598419621
          ]
        ]
      }
    },
    {
      "type": "Feature",
      "properties": {
        "id": "s_r2c0_r2c1_1->s_r2c0_r2c1_2",
        "name": "Taramani Link Rd",
        "surface": "gravel",
        "stairs": false,
        "kerbCm": 0,
        "lanes": 2,
        "crossing": "none",
        "slope": 0.2,
        "coarseId": "r2c0-r2c1"
      },
      "geometry": {
        "type": "LineString",
        "coordinates": [
          [
            80.21236913403368,
            12.964680598419621
          ],
          [
            80.21273826806737,
            12.964684251607258
          ]
        ]
      }
    },
    {
      "type": "Feature",
      "properties": {
        "id": "s_r2c0_r2c1_2->s_r2c0_r2c1_3",
        "name": "Taramani Link Rd",
        "surface": "gravel",
        "stairs": false,
        "kerbCm": 0,
        "lanes": 2,
        "crossing": "none",
        "slope": 0.3,
        "coarseId": "r2c0-r2c1"
      },
      "geometry": {
        "type": "LineString",
        "coordinates": [
          [
            80.21273826806737,
            12.964684251607258
          ],
          [
            80.21310740210104,
            12.964699572200988
          ]
        ]
      }
    },
    {
      "type": "Feature",
      "properties": {
        "id": "s_r2c0_r2c1_3->s_r2c0_r2c1_4",
        "name": "Taramani Link Rd",
        "surface": "gravel",
        "stairs": false,
        "kerbCm": 0,
        "lanes": 2,
        "crossing": "none",
        "slope": 0.2,
        "coarseId": "r2c0-r2c1"
      },
      "geometry": {
        "type": "LineString",
        "coordinates": [
          [
            80.21310740210104,
            12.964699572200988
          ],
          [
            80.21347653613472,
            12.964704552281074
          ]
        ]
      }
    },
    {
      "type": "Feature",
      "properties": {
        "id": "r2c1->s_r2c0_r2c1_4",
        "name": "Taramani Link Rd",
        "surface": "gravel",
        "stairs": false,
        "kerbCm": 0,
        "lanes": 2,
        "crossing": "none",
        "slope": 0.2,
        "coarseId": "r2c0-r2c1"
      },
      "geometry": {
        "type": "LineString",
        "coordinates": [
          [
            80.2138456701684,
            12.9646979545931
          ],
          [
            80.21347653613472,
            12.964704552281074
          ]
        ]
      }
    },
    {
      "type": "Feature",
      "properties": {
        "id": "r2c0->s_r2c0_r3c0_1",
        "name": "Inner Ring Rd",
        "surface": "asphalt",
        "stairs": false,
        "kerbCm": 0,
        "lanes": 2,
        "crossing": "none",
        "slope": 2.7,
        "coarseId": "r2c0-r3c0"
      },
      "geometry": {
        "type": "LineString",
        "coordinates": [
          [
            80.212,
            12.964697961091172
          ],
          [
            80.21199360500037,
            12.965035206227489
          ]
        ]
      }
    },
    {
      "type": "Feature",
      "properties": {
        "id": "s_r2c0_r3c0_1->s_r2c0_r3c0_2",
        "name": "Inner Ring Rd",
        "surface": "asphalt",
        "stairs": false,
        "kerbCm": 0,
        "lanes": 2,
        "crossing": "none",
        "slope": 2.7,
        "coarseId": "r2c0-r3c0"
      },
      "geometry": {
        "type": "LineString",
        "coordinates": [
          [
            80.21199360500037,
            12.965035206227489
          ],
          [
            80.21198395834811,
            12.965372451363477
          ]
        ]
      }
    },
    {
      "type": "Feature",
      "properties": {
        "id": "s_r2c0_r3c0_2->s_r2c0_r3c0_3",
        "name": "Inner Ring Rd",
        "surface": "asphalt",
        "stairs": false,
        "kerbCm": 0,
        "lanes": 2,
        "crossing": "none",
        "slope": 2.7,
        "coarseId": "r2c0-r3c0"
      },
      "geometry": {
        "type": "LineString",
        "coordinates": [
          [
            80.21198395834811,
            12.965372451363477
          ],
          [
            80.2119771050014,
            12.965709696499363
          ]
        ]
      }
    },
    {
      "type": "Feature",
      "properties": {
        "id": "r3c0->s_r2c0_r3c0_3",
        "name": "Inner Ring Rd",
        "surface": "asphalt",
        "stairs": false,
        "kerbCm": 0,
        "lanes": 2,
        "crossing": "none",
        "slope": 2.7,
        "coarseId": "r2c0-r3c0"
      },
      "geometry": {
        "type": "LineString",
        "coordinates": [
          [
            80.212,
            12.96604694163676
          ],
          [
            80.2119771050014,
            12.965709696499363
          ]
        ]
      }
    },
    {
      "type": "Feature",
      "properties": {
        "id": "r2c1->s_r2c1_r3c1_1",
        "name": "Ram Nagar Main Rd",
        "surface": "asphalt",
        "stairs": false,
        "kerbCm": 0,
        "lanes": 2,
        "crossing": "none",
        "slope": 2.7,
        "coarseId": "r2c1-r3c1"
      },
      "geometry": {
        "type": "LineString",
        "coordinates": [
          [
            80.2138456701684,
            12.9646979545931
          ],
          [
            80.21386891696505,
            12.96503519956478
          ]
        ]
      }
    },
    {
      "type": "Feature",
      "properties": {
        "id": "s_r2c1_r3c1_1->s_r2c1_r3c1_2",
        "name": "Ram Nagar Main Rd",
        "surface": "asphalt",
        "stairs": false,
        "kerbCm": 0,
        "lanes": 2,
        "crossing": "none",
        "slope": 2.7,
        "coarseId": "r2c1-r3c1"
      },
      "geometry": {
        "type": "LineString",
        "coordinates": [
          [
            80.21386891696505,
            12.96503519956478
          ],
          [
            80.21382190104231,
            12.965372445032191
          ]
        ]
      }
    },
    {
      "type": "Feature",
      "properties": {
        "id": "s_r2c1_r3c1_2->s_r2c1_r3c1_3",
        "name": "Ram Nagar Main Rd",
        "surface": "asphalt",
        "stairs": false,
        "kerbCm": 0,
        "lanes": 2,
        "crossing": "none",
        "slope": 2.7,
        "coarseId": "r2c1-r3c1"
      },
      "geometry": {
        "type": "LineString",
        "coordinates": [
          [
            80.21382190104231,
            12.965372445032191
          ],
          [
            80.2138363461124,
            12.965709690067785
          ]
        ]
      }
    },
    {
      "type": "Feature",
      "properties": {
        "id": "r3c1->s_r2c1_r3c1_3",
        "name": "Ram Nagar Main Rd",
        "surface": "asphalt",
        "stairs": false,
        "kerbCm": 0,
        "lanes": 2,
        "crossing": "none",
        "slope": 2.7,
        "coarseId": "r2c1-r3c1"
      },
      "geometry": {
        "type": "LineString",
        "coordinates": [
          [
            80.2138456701684,
            12.96604693513869
          ],
          [
            80.2138363461124,
            12.965709690067785
          ]
        ]
      }
    },
    {
      "type": "Feature",
      "properties": {
        "id": "r2c2->s_r2c2_r2c3_1",
        "name": "Taramani Link Rd",
        "surface": "asphalt",
        "stairs": false,
        "kerbCm": 0,
        "lanes": 4,
        "crossing": "signalized",
        "slope": 5,
        "coarseId": "r2c2-r2c3"
      },
      "geometry": {
        "type": "LineString",
        "coordinates": [
          [
            80.21569134033659,
            12.964697935098892
          ],
          [
            80.21606047437018,
            12.964686199461717
          ]
        ]
      }
    },
    {
      "type": "Feature",
      "properties": {
        "id": "s_r2c2_r2c3_1->s_r2c2_r2c3_2",
        "name": "Taramani Link Rd",
        "surface": "asphalt",
        "stairs": false,
        "kerbCm": 0,
        "lanes": 4,
        "crossing": "signalized",
        "slope": 5,
        "coarseId": "r2c2-r2c3"
      },
      "geometry": {
        "type": "LineString",
        "coordinates": [
          [
            80.21606047437018,
            12.964686199461717
          ],
          [
            80.21642960840376,
            12.964691357279056
          ]
        ]
      }
    },
    {
      "type": "Feature",
      "properties": {
        "id": "s_r2c2_r2c3_2->s_r2c2_r2c3_3",
        "name": "Taramani Link Rd",
        "surface": "asphalt",
        "stairs": false,
        "kerbCm": 0,
        "lanes": 4,
        "crossing": "signalized",
        "slope": 5,
        "coarseId": "r2c2-r2c3"
      },
      "geometry": {
        "type": "LineString",
        "coordinates": [
          [
            80.21642960840376,
            12.964691357279056
          ],
          [
            80.21679874243732,
            12.964715388462285
          ]
        ]
      }
    },
    {
      "type": "Feature",
      "properties": {
        "id": "s_r2c2_r2c3_3->s_r2c2_r2c3_4",
        "name": "Taramani Link Rd",
        "surface": "asphalt",
        "stairs": false,
        "kerbCm": 0,
        "lanes": 4,
        "crossing": "signalized",
        "slope": 5,
        "coarseId": "r2c2-r2c3"
      },
      "geometry": {
        "type": "LineString",
        "coordinates": [
          [
            80.21679874243732,
            12.964715388462285
          ],
          [
            80.21716787647087,
            12.964719020737842
          ]
        ]
      }
    },
    {
      "type": "Feature",
      "properties": {
        "id": "r2c3->s_r2c2_r2c3_4",
        "name": "Taramani Link Rd",
        "surface": "asphalt",
        "stairs": false,
        "kerbCm": 0,
        "lanes": 4,
        "crossing": "signalized",
        "slope": 5,
        "coarseId": "r2c2-r2c3"
      },
      "geometry": {
        "type": "LineString",
        "coordinates": [
          [
            80.2175370105044,
            12.964697902608542
          ],
          [
            80.21716787647087,
            12.964719020737842
          ]
        ]
      }
    },
    {
      "type": "Feature",
      "properties": {
        "id": "r2c2->s_r2c2_r3c2_1",
        "name": "Dhandeeswaram Ave",
        "surface": "asphalt",
        "stairs": false,
        "kerbCm": 0,
        "lanes": 2,
        "crossing": "none",
        "slope": 2.7,
        "coarseId": "r2c2-r3c2"
      },
      "geometry": {
        "type": "LineString",
        "coordinates": [
          [
            80.21569134033659,
            12.964697935098892
          ],
          [
            80.21566112828668,
            12.965035180659017
          ]
        ]
      }
    },
    {
      "type": "Feature",
      "properties": {
        "id": "s_r2c2_r3c2_1->s_r2c2_r3c2_2",
        "name": "Dhandeeswaram Ave",
        "surface": "asphalt",
        "stairs": false,
        "kerbCm": 0,
        "lanes": 2,
        "crossing": "none",
        "slope": 2.7,
        "coarseId": "r2c2-r3c2"
      },
      "geometry": {
        "type": "LineString",
        "coordinates": [
          [
            80.21566112828668,
            12.965035180659017
          ],
          [
            80.21568208514961,
            12.965372425501858
          ]
        ]
      }
    },
    {
      "type": "Feature",
      "properties": {
        "id": "s_r2c2_r3c2_2->s_r2c2_r3c2_3",
        "name": "Dhandeeswaram Ave",
        "surface": "asphalt",
        "stairs": false,
        "kerbCm": 0,
        "lanes": 2,
        "crossing": "none",
        "slope": 2.7,
        "coarseId": "r2c2-r3c2"
      },
      "geometry": {
        "type": "LineString",
        "coordinates": [
          [
            80.21568208514961,
            12.965372425501858
          ],
          [
            80.21568600563526,
            12.965709670583157
          ]
        ]
      }
    },
    {
      "type": "Feature",
      "properties": {
        "id": "r3c2->s_r2c2_r3c2_3",
        "name": "Dhandeeswaram Ave",
        "surface": "asphalt",
        "stairs": false,
        "kerbCm": 0,
        "lanes": 2,
        "crossing": "none",
        "slope": 2.7,
        "coarseId": "r2c2-r3c2"
      },
      "geometry": {
        "type": "LineString",
        "coordinates": [
          [
            80.21569134033659,
            12.96604691564448
          ],
          [
            80.21568600563526,
            12.965709670583157
          ]
        ]
      }
    },
    {
      "type": "Feature",
      "properties": {
        "id": "r2c3->s_r2c3_r2c4_1",
        "name": "Taramani Link Rd",
        "surface": "asphalt",
        "stairs": false,
        "kerbCm": 0,
        "lanes": 2,
        "crossing": "none",
        "slope": 4.5,
        "coarseId": "r2c3-r2c4"
      },
      "geometry": {
        "type": "LineString",
        "coordinates": [
          [
            80.2175370105044,
            12.964697902608542
          ],
          [
            80.21790614453789,
            12.964696966495225
          ]
        ]
      }
    },
    {
      "type": "Feature",
      "properties": {
        "id": "s_r2c3_r2c4_1->s_r2c3_r2c4_2",
        "name": "Taramani Link Rd",
        "surface": "asphalt",
        "stairs": false,
        "kerbCm": 0,
        "lanes": 2,
        "crossing": "none",
        "slope": 4.5,
        "coarseId": "r2c3-r2c4"
      },
      "geometry": {
        "type": "LineString",
        "coordinates": [
          [
            80.21790614453789,
            12.964696966495225
          ],
          [
            80.21827527857135,
            12.964688185984153
          ]
        ]
      }
    },
    {
      "type": "Feature",
      "properties": {
        "id": "s_r2c3_r2c4_2->s_r2c3_r2c4_3",
        "name": "Taramani Link Rd",
        "surface": "asphalt",
        "stairs": false,
        "kerbCm": 0,
        "lanes": 2,
        "crossing": "none",
        "slope": 4.5,
        "coarseId": "r2c3-r2c4"
      },
      "geometry": {
        "type": "LineString",
        "coordinates": [
          [
            80.21827527857135,
            12.964688185984153
          ],
          [
            80.2186444126048,
            12.964667348722969
          ]
        ]
      }
    },
    {
      "type": "Feature",
      "properties": {
        "id": "s_r2c3_r2c4_3->s_r2c3_r2c4_4",
        "name": "Taramani Link Rd",
        "surface": "asphalt",
        "stairs": false,
        "kerbCm": 0,
        "lanes": 2,
        "crossing": "none",
        "slope": 4.5,
        "coarseId": "r2c3-r2c4"
      },
      "geometry": {
        "type": "LineString",
        "coordinates": [
          [
            80.2186444126048,
            12.964667348722969
          ],
          [
            80.21901354663822,
            12.964690081774817
          ]
        ]
      }
    },
    {
      "type": "Feature",
      "properties": {
        "id": "r2c4->s_r2c3_r2c4_4",
        "name": "Taramani Link Rd",
        "surface": "asphalt",
        "stairs": false,
        "kerbCm": 0,
        "lanes": 2,
        "crossing": "none",
        "slope": 4.5,
        "coarseId": "r2c3-r2c4"
      },
      "geometry": {
        "type": "LineString",
        "coordinates": [
          [
            80.21938268067161,
            12.96469785712205
          ],
          [
            80.21901354663822,
            12.964690081774817
          ]
        ]
      }
    },
    {
      "type": "Feature",
      "properties": {
        "id": "r2c3->s_r2c3_r3c3_1",
        "name": "AGS Colony Rd",
        "surface": "asphalt",
        "stairs": false,
        "kerbCm": 0,
        "lanes": 2,
        "crossing": "none",
        "slope": 3.7,
        "coarseId": "r2c3-r3c3"
      },
      "geometry": {
        "type": "LineString",
        "coordinates": [
          [
            80.2175370105044,
            12.964697902608542
          ],
          [
            80.217528340029,
            12.965035147927953
          ]
        ]
      }
    },
    {
      "type": "Feature",
      "properties": {
        "id": "s_r2c3_r3c3_1->s_r2c3_r3c3_2",
        "name": "AGS Colony Rd",
        "surface": "asphalt",
        "stairs": false,
        "kerbCm": 0,
        "lanes": 2,
        "crossing": "none",
        "slope": 3.5,
        "coarseId": "r2c3-r3c3"
      },
      "geometry": {
        "type": "LineString",
        "coordinates": [
          [
            80.217528340029,
            12.965035147927953
          ],
          [
            80.21751114412477,
            12.965372393426463
          ]
        ]
      }
    },
    {
      "type": "Feature",
      "properties": {
        "id": "s_r2c3_r3c3_2->s_r2c3_r3c3_3",
        "name": "AGS Colony Rd",
        "surface": "asphalt",
        "stairs": false,
        "kerbCm": 0,
        "lanes": 2,
        "crossing": "none",
        "slope": 3.7,
        "coarseId": "r2c3-r3c3"
      },
      "geometry": {
        "type": "LineString",
        "coordinates": [
          [
            80.21751114412477,
            12.965372393426463
          ],
          [
            80.21754744221663,
            12.965709637797161
          ]
        ]
      }
    },
    {
      "type": "Feature",
      "properties": {
        "id": "r3c3->s_r2c3_r3c3_3",
        "name": "AGS Colony Rd",
        "surface": "asphalt",
        "stairs": false,
        "kerbCm": 0,
        "lanes": 2,
        "crossing": "none",
        "slope": 3.7,
        "coarseId": "r2c3-r3c3"
      },
      "geometry": {
        "type": "LineString",
        "coordinates": [
          [
            80.2175370105044,
            12.966046883154124
          ],
          [
            80.21754744221663,
            12.965709637797161
          ]
        ]
      }
    },
    {
      "type": "Feature",
      "properties": {
        "id": "r2c4->s_r2c4_r2c5_1",
        "name": "Taramani Link Rd",
        "surface": "cobble",
        "stairs": false,
        "kerbCm": 0,
        "lanes": 2,
        "crossing": "none",
        "slope": 0.2,
        "coarseId": "r2c4-r2c5"
      },
      "geometry": {
        "type": "LineString",
        "coordinates": [
          [
            80.21938268067161,
            12.96469785712205
          ],
          [
            80.21975181470498,
            12.964705045614386
          ]
        ]
      }
    },
    {
      "type": "Feature",
      "properties": {
        "id": "s_r2c4_r2c5_1->s_r2c4_r2c5_2",
        "name": "Taramani Link Rd",
        "surface": "cobble",
        "stairs": false,
        "kerbCm": 0,
        "lanes": 2,
        "crossing": "none",
        "slope": 0.2,
        "coarseId": "r2c4-r2c5"
      },
      "geometry": {
        "type": "LineString",
        "coordinates": [
          [
            80.21975181470498,
            12.964705045614386
          ],
          [
            80.2201209487383,
            12.964678046638033
          ]
        ]
      }
    },
    {
      "type": "Feature",
      "properties": {
        "id": "s_r2c4_r2c5_2->s_r2c4_r2c5_3",
        "name": "Taramani Link Rd",
        "surface": "cobble",
        "stairs": false,
        "kerbCm": 0,
        "lanes": 2,
        "crossing": "none",
        "slope": 0.3,
        "coarseId": "r2c4-r2c5"
      },
      "geometry": {
        "type": "LineString",
        "coordinates": [
          [
            80.2201209487383,
            12.964678046638033
          ],
          [
            80.22049008277159,
            12.964677824395336
          ]
        ]
      }
    },
    {
      "type": "Feature",
      "properties": {
        "id": "s_r2c4_r2c5_3->s_r2c4_r2c5_4",
        "name": "Taramani Link Rd",
        "surface": "cobble",
        "stairs": false,
        "kerbCm": 0,
        "lanes": 2,
        "crossing": "none",
        "slope": 0.2,
        "coarseId": "r2c4-r2c5"
      },
      "geometry": {
        "type": "LineString",
        "coordinates": [
          [
            80.22049008277159,
            12.964677824395336
          ],
          [
            80.22085921680485,
            12.964697260769226
          ]
        ]
      }
    },
    {
      "type": "Feature",
      "properties": {
        "id": "r2c5->s_r2c4_r2c5_4",
        "name": "Taramani Link Rd",
        "surface": "cobble",
        "stairs": false,
        "kerbCm": 0,
        "lanes": 2,
        "crossing": "none",
        "slope": 0.2,
        "coarseId": "r2c4-r2c5"
      },
      "geometry": {
        "type": "LineString",
        "coordinates": [
          [
            80.22122835083808,
            12.964697798639415
          ],
          [
            80.22085921680485,
            12.964697260769226
          ]
        ]
      }
    },
    {
      "type": "Feature",
      "properties": {
        "id": "r2c4->s_r2c4_r3c4_1",
        "name": "Perungudi Bypass",
        "surface": "asphalt",
        "stairs": false,
        "kerbCm": 0,
        "lanes": 2,
        "crossing": "none",
        "slope": 2.7,
        "coarseId": "r2c4-r3c4"
      },
      "geometry": {
        "type": "LineString",
        "coordinates": [
          [
            80.21938268067161,
            12.96469785712205
          ],
          [
            80.21936202953792,
            12.965035102839286
          ]
        ]
      }
    },
    {
      "type": "Feature",
      "properties": {
        "id": "s_r2c4_r3c4_1->s_r2c4_r3c4_2",
        "name": "Perungudi Bypass",
        "surface": "asphalt",
        "stairs": false,
        "kerbCm": 0,
        "lanes": 2,
        "crossing": "none",
        "slope": 2.7,
        "coarseId": "r2c4-r3c4"
      },
      "geometry": {
        "type": "LineString",
        "coordinates": [
          [
            80.21936202953792,
            12.965035102839286
          ],
          [
            80.21935560502543,
            12.965372348156045
          ]
        ]
      }
    },
    {
      "type": "Feature",
      "properties": {
        "id": "s_r2c4_r3c4_2->s_r2c4_r3c4_3",
        "name": "Perungudi Bypass",
        "surface": "asphalt",
        "stairs": false,
        "kerbCm": 0,
        "lanes": 2,
        "crossing": "none",
        "slope": 2.7,
        "coarseId": "r2c4-r3c4"
      },
      "geometry": {
        "type": "LineString",
        "coordinates": [
          [
            80.21935560502543,
            12.965372348156045
          ],
          [
            80.21941112029864,
            12.965709591728672
          ]
        ]
      }
    },
    {
      "type": "Feature",
      "properties": {
        "id": "r3c4->s_r2c4_r3c4_3",
        "name": "Perungudi Bypass",
        "surface": "asphalt",
        "stairs": false,
        "kerbCm": 0,
        "lanes": 2,
        "crossing": "none",
        "slope": 2.7,
        "coarseId": "r2c4-r3c4"
      },
      "geometry": {
        "type": "LineString",
        "coordinates": [
          [
            80.21938268067161,
            12.966046837667635
          ],
          [
            80.21941112029864,
            12.965709591728672
          ]
        ]
      }
    },
    {
      "type": "Feature",
      "properties": {
        "id": "r2c5->s_r2c5_r3c5_1",
        "name": "Thoraipakkam Radial",
        "surface": "asphalt",
        "stairs": false,
        "kerbCm": 0,
        "lanes": 2,
        "crossing": "none",
        "slope": 2.7,
        "coarseId": "r2c5-r3c5"
      },
      "geometry": {
        "type": "LineString",
        "coordinates": [
          [
            80.22122835083808,
            12.964697798639415
          ],
          [
            80.22125864615366,
            12.965035042707449
          ]
        ]
      }
    },
    {
      "type": "Feature",
      "properties": {
        "id": "s_r2c5_r3c5_1->s_r2c5_r3c5_2",
        "name": "Thoraipakkam Radial",
        "surface": "asphalt",
        "stairs": false,
        "kerbCm": 0,
        "lanes": 2,
        "crossing": "none",
        "slope": 2.7,
        "coarseId": "r2c5-r3c5"
      },
      "geometry": {
        "type": "LineString",
        "coordinates": [
          [
            80.22125864615366,
            12.965035042707449
          ],
          [
            80.22122927368873,
            12.965372288879713
          ]
        ]
      }
    },
    {
      "type": "Feature",
      "properties": {
        "id": "s_r2c5_r3c5_2->s_r2c5_r3c5_3",
        "name": "Thoraipakkam Radial",
        "surface": "asphalt",
        "stairs": false,
        "kerbCm": 0,
        "lanes": 2,
        "crossing": "none",
        "slope": 2.7,
        "coarseId": "r2c5-r3c5"
      },
      "geometry": {
        "type": "LineString",
        "coordinates": [
          [
            80.22122927368873,
            12.965372288879713
          ],
          [
            80.22121792018196,
            12.965709534415627
          ]
        ]
      }
    },
    {
      "type": "Feature",
      "properties": {
        "id": "r3c5->s_r2c5_r3c5_3",
        "name": "Thoraipakkam Radial",
        "surface": "asphalt",
        "stairs": false,
        "kerbCm": 0,
        "lanes": 2,
        "crossing": "none",
        "slope": 2.7,
        "coarseId": "r2c5-r3c5"
      },
      "geometry": {
        "type": "LineString",
        "coordinates": [
          [
            80.22122835083808,
            12.966046779184998
          ],
          [
            80.22121792018196,
            12.965709534415627
          ]
        ]
      }
    },
    {
      "type": "Feature",
      "properties": {
        "id": "r3c0->s_r3c0_r3c1_1",
        "name": "OMR Expressway",
        "surface": "asphalt",
        "stairs": false,
        "kerbCm": 0,
        "lanes": 2,
        "crossing": "none",
        "slope": 0.2,
        "coarseId": "r3c0-r3c1"
      },
      "geometry": {
        "type": "LineString",
        "coordinates": [
          [
            80.212,
            12.96604694163676
          ],
          [
            80.21236913403368,
            12.96604985607398
          ]
        ]
      }
    },
    {
      "type": "Feature",
      "properties": {
        "id": "s_r3c0_r3c1_1->s_r3c0_r3c1_2",
        "name": "OMR Expressway",
        "surface": "asphalt",
        "stairs": false,
        "kerbCm": 0,
        "lanes": 2,
        "crossing": "none",
        "slope": 0.2,
        "coarseId": "r3c0-r3c1"
      },
      "geometry": {
        "type": "LineString",
        "coordinates": [
          [
            80.21236913403368,
            12.96604985607398
          ],
          [
            80.21273826806737,
            12.966058597085643
          ]
        ]
      }
    },
    {
      "type": "Feature",
      "properties": {
        "id": "s_r3c0_r3c1_2->s_r3c0_r3c1_3",
        "name": "OMR Expressway",
        "surface": "asphalt",
        "stairs": false,
        "kerbCm": 0,
        "lanes": 2,
        "crossing": "none",
        "slope": 0.3,
        "coarseId": "r3c0-r3c1"
      },
      "geometry": {
        "type": "LineString",
        "coordinates": [
          [
            80.21273826806737,
            12.966058597085643
          ],
          [
            80.21310740210104,
            12.966038656521432
          ]
        ]
      }
    },
    {
      "type": "Feature",
      "properties": {
        "id": "s_r3c0_r3c1_3->s_r3c0_r3c1_4",
        "name": "OMR Expressway",
        "surface": "asphalt",
        "stairs": false,
        "kerbCm": 0,
        "lanes": 2,
        "crossing": "none",
        "slope": 0.2,
        "coarseId": "r3c0-r3c1"
      },
      "geometry": {
        "type": "LineString",
        "coordinates": [
          [
            80.21310740210104,
            12.966038656521432
          ],
          [
            80.21347653613472,
            12.966059607950736
          ]
        ]
      }
    },
    {
      "type": "Feature",
      "properties": {
        "id": "r3c1->s_r3c0_r3c1_4",
        "name": "OMR Expressway",
        "surface": "asphalt",
        "stairs": false,
        "kerbCm": 0,
        "lanes": 2,
        "crossing": "none",
        "slope": 0.2,
        "coarseId": "r3c0-r3c1"
      },
      "geometry": {
        "type": "LineString",
        "coordinates": [
          [
            80.2138456701684,
            12.96604693513869
          ],
          [
            80.21347653613472,
            12.966059607950736
          ]
        ]
      }
    },
    {
      "type": "Feature",
      "properties": {
        "id": "r3c1->s_r3c1_r3c2_1",
        "name": "OMR Expressway",
        "surface": "asphalt",
        "stairs": false,
        "kerbCm": 0,
        "lanes": 2,
        "crossing": "none",
        "slope": 0.2,
        "coarseId": "r3c1-r3c2"
      },
      "geometry": {
        "type": "LineString",
        "coordinates": [
          [
            80.2138456701684,
            12.96604693513869
          ],
          [
            80.21421480420206,
            12.966044673554132
          ]
        ]
      }
    },
    {
      "type": "Feature",
      "properties": {
        "id": "s_r3c1_r3c2_1->s_r3c1_r3c2_2",
        "name": "OMR Expressway",
        "surface": "asphalt",
        "stairs": false,
        "kerbCm": 0,
        "lanes": 2,
        "crossing": "none",
        "slope": 0.2,
        "coarseId": "r3c1-r3c2"
      },
      "geometry": {
        "type": "LineString",
        "coordinates": [
          [
            80.21421480420206,
            12.966044673554132
          ],
          [
            80.21458393823569,
            12.966041256281496
          ]
        ]
      }
    },
    {
      "type": "Feature",
      "properties": {
        "id": "s_r3c1_r3c2_2->s_r3c1_r3c2_3",
        "name": "OMR Expressway",
        "surface": "asphalt",
        "stairs": false,
        "kerbCm": 0,
        "lanes": 2,
        "crossing": "none",
        "slope": 0.3,
        "coarseId": "r3c1-r3c2"
      },
      "geometry": {
        "type": "LineString",
        "coordinates": [
          [
            80.21458393823569,
            12.966041256281496
          ],
          [
            80.21495307226935,
            12.966058014575756
          ]
        ]
      }
    },
    {
      "type": "Feature",
      "properties": {
        "id": "s_r3c1_r3c2_3->s_r3c1_r3c2_4",
        "name": "OMR Expressway",
        "surface": "asphalt",
        "stairs": false,
        "kerbCm": 0,
        "lanes": 2,
        "crossing": "none",
        "slope": 0.2,
        "coarseId": "r3c1-r3c2"
      },
      "geometry": {
        "type": "LineString",
        "coordinates": [
          [
            80.21495307226935,
            12.966058014575756
          ],
          [
            80.21532220630296,
            12.966022119821057
          ]
        ]
      }
    },
    {
      "type": "Feature",
      "properties": {
        "id": "r3c2->s_r3c1_r3c2_4",
        "name": "OMR Expressway",
        "surface": "asphalt",
        "stairs": false,
        "kerbCm": 0,
        "lanes": 2,
        "crossing": "none",
        "slope": 0.2,
        "coarseId": "r3c1-r3c2"
      },
      "geometry": {
        "type": "LineString",
        "coordinates": [
          [
            80.21569134033659,
            12.96604691564448
          ],
          [
            80.21532220630296,
            12.966022119821057
          ]
        ]
      }
    },
    {
      "type": "Feature",
      "properties": {
        "id": "r3c2->s_r3c2_r3c3_1",
        "name": "OMR Expressway",
        "surface": "asphalt",
        "stairs": false,
        "kerbCm": 0,
        "lanes": 2,
        "crossing": "none",
        "slope": 0.2,
        "coarseId": "r3c2-r3c3"
      },
      "geometry": {
        "type": "LineString",
        "coordinates": [
          [
            80.21569134033659,
            12.96604691564448
          ],
          [
            80.21606047437018,
            12.966061199036378
          ]
        ]
      }
    },
    {
      "type": "Feature",
      "properties": {
        "id": "s_r3c2_r3c3_1->s_r3c2_r3c3_2",
        "name": "OMR Expressway",
        "surface": "asphalt",
        "stairs": false,
        "kerbCm": 0,
        "lanes": 2,
        "crossing": "none",
        "slope": 0.2,
        "coarseId": "r3c2-r3c3"
      },
      "geometry": {
        "type": "LineString",
        "coordinates": [
          [
            80.21606047437018,
            12.966061199036378
          ],
          [
            80.21642960840376,
            12.966018998624445
          ]
        ]
      }
    },
    {
      "type": "Feature",
      "properties": {
        "id": "s_r3c2_r3c3_2->s_r3c2_r3c3_3",
        "name": "OMR Expressway",
        "surface": "asphalt",
        "stairs": false,
        "kerbCm": 0,
        "lanes": 2,
        "crossing": "none",
        "slope": 0.3,
        "coarseId": "r3c2-r3c3"
      },
      "geometry": {
        "type": "LineString",
        "coordinates": [
          [
            80.21642960840376,
            12.966018998624445
          ],
          [
            80.21679874243732,
            12.96602315761521
          ]
        ]
      }
    },
    {
      "type": "Feature",
      "properties": {
        "id": "s_r3c2_r3c3_3->s_r3c2_r3c3_4",
        "name": "OMR Expressway",
        "surface": "asphalt",
        "stairs": false,
        "kerbCm": 0,
        "lanes": 2,
        "crossing": "none",
        "slope": 0.2,
        "coarseId": "r3c2-r3c3"
      },
      "geometry": {
        "type": "LineString",
        "coordinates": [
          [
            80.21679874243732,
            12.96602315761521
          ],
          [
            80.21716787647087,
            12.96604169015028
          ]
        ]
      }
    },
    {
      "type": "Feature",
      "properties": {
        "id": "r3c3->s_r3c2_r3c3_4",
        "name": "OMR Expressway",
        "surface": "asphalt",
        "stairs": false,
        "kerbCm": 0,
        "lanes": 2,
        "crossing": "none",
        "slope": 0.2,
        "coarseId": "r3c2-r3c3"
      },
      "geometry": {
        "type": "LineString",
        "coordinates": [
          [
            80.2175370105044,
            12.966046883154124
          ],
          [
            80.21716787647087,
            12.96604169015028
          ]
        ]
      }
    },
    {
      "type": "Feature",
      "properties": {
        "id": "r3c3->s_r3c3_r3c4_1",
        "name": "OMR Expressway",
        "surface": "asphalt",
        "stairs": false,
        "kerbCm": 0,
        "lanes": 2,
        "crossing": "none",
        "slope": 0.2,
        "coarseId": "r3c3-r3c4"
      },
      "geometry": {
        "type": "LineString",
        "coordinates": [
          [
            80.2175370105044,
            12.966046883154124
          ],
          [
            80.21790614453789,
            12.966058747354188
          ]
        ]
      }
    },
    {
      "type": "Feature",
      "properties": {
        "id": "s_r3c3_r3c4_1->s_r3c3_r3c4_2",
        "name": "OMR Expressway",
        "surface": "asphalt",
        "stairs": false,
        "kerbCm": 0,
        "lanes": 2,
        "crossing": "none",
        "slope": 0.2,
        "coarseId": "r3c3-r3c4"
      },
      "geometry": {
        "type": "LineString",
        "coordinates": [
          [
            80.21790614453789,
            12.966058747354188
          ],
          [
            80.21827527857135,
            12.96605330926526
          ]
        ]
      }
    },
    {
      "type": "Feature",
      "properties": {
        "id": "s_r3c3_r3c4_2->s_r3c3_r3c4_3",
        "name": "OMR Expressway",
        "surface": "asphalt",
        "stairs": false,
        "kerbCm": 0,
        "lanes": 2,
        "crossing": "none",
        "slope": 0.3,
        "coarseId": "r3c3-r3c4"
      },
      "geometry": {
        "type": "LineString",
        "coordinates": [
          [
            80.21827527857135,
            12.96605330926526
          ],
          [
            80.2186444126048,
            12.966052096395439
          ]
        ]
      }
    },
    {
      "type": "Feature",
      "properties": {
        "id": "s_r3c3_r3c4_3->s_r3c3_r3c4_4",
        "name": "OMR Expressway",
        "surface": "asphalt",
        "stairs": false,
        "kerbCm": 0,
        "lanes": 2,
        "crossing": "none",
        "slope": 0.2,
        "coarseId": "r3c3-r3c4"
      },
      "geometry": {
        "type": "LineString",
        "coordinates": [
          [
            80.2186444126048,
            12.966052096395439
          ],
          [
            80.21901354663822,
            12.966025636927581
          ]
        ]
      }
    },
    {
      "type": "Feature",
      "properties": {
        "id": "r3c4->s_r3c3_r3c4_4",
        "name": "OMR Expressway",
        "surface": "asphalt",
        "stairs": false,
        "kerbCm": 0,
        "lanes": 2,
        "crossing": "none",
        "slope": 0.2,
        "coarseId": "r3c3-r3c4"
      },
      "geometry": {
        "type": "LineString",
        "coordinates": [
          [
            80.21938268067161,
            12.966046837667635
          ],
          [
            80.21901354663822,
            12.966025636927581
          ]
        ]
      }
    },
    {
      "type": "Feature",
      "properties": {
        "id": "r3c4->s_r3c4_r3c5_1",
        "name": "OMR Expressway",
        "surface": "asphalt",
        "stairs": false,
        "kerbCm": 0,
        "lanes": 2,
        "crossing": "none",
        "slope": 0.3,
        "coarseId": "r3c4-r3c5"
      },
      "geometry": {
        "type": "LineString",
        "coordinates": [
          [
            80.21938268067161,
            12.966046837667635
          ],
          [
            80.21975181470498,
            12.966058941691104
          ]
        ]
      }
    },
    {
      "type": "Feature",
      "properties": {
        "id": "s_r3c4_r3c5_1->s_r3c4_r3c5_2",
        "name": "OMR Expressway",
        "surface": "asphalt",
        "stairs": false,
        "kerbCm": 0,
        "lanes": 2,
        "crossing": "none",
        "slope": 0.2,
        "coarseId": "r3c4-r3c5"
      },
      "geometry": {
        "type": "LineString",
        "coordinates": [
          [
            80.21975181470498,
            12.966058941691104
          ],
          [
            80.2201209487383,
            12.966044712690692
          ]
        ]
      }
    },
    {
      "type": "Feature",
      "properties": {
        "id": "s_r3c4_r3c5_2->s_r3c4_r3c5_3",
        "name": "OMR Expressway",
        "surface": "asphalt",
        "stairs": false,
        "kerbCm": 0,
        "lanes": 2,
        "crossing": "none",
        "slope": 0.3,
        "coarseId": "r3c4-r3c5"
      },
      "geometry": {
        "type": "LineString",
        "coordinates": [
          [
            80.2201209487383,
            12.966044712690692
          ],
          [
            80.22049008277159,
            12.966063973530913
          ]
        ]
      }
    },
    {
      "type": "Feature",
      "properties": {
        "id": "s_r3c4_r3c5_3->s_r3c4_r3c5_4",
        "name": "OMR Expressway",
        "surface": "asphalt",
        "stairs": false,
        "kerbCm": 0,
        "lanes": 2,
        "crossing": "none",
        "slope": 0.2,
        "coarseId": "r3c4-r3c5"
      },
      "geometry": {
        "type": "LineString",
        "coordinates": [
          [
            80.22049008277159,
            12.966063973530913
          ],
          [
            80.22085921680485,
            12.966031358929275
          ]
        ]
      }
    },
    {
      "type": "Feature",
      "properties": {
        "id": "r3c5->s_r3c4_r3c5_4",
        "name": "OMR Expressway",
        "surface": "asphalt",
        "stairs": false,
        "kerbCm": 0,
        "lanes": 2,
        "crossing": "none",
        "slope": 0.3,
        "coarseId": "r3c4-r3c5"
      },
      "geometry": {
        "type": "LineString",
        "coordinates": [
          [
            80.22122835083808,
            12.966046779184998
          ],
          [
            80.22085921680485,
            12.966031358929275
          ]
        ]
      }
    },
    {
      "type": "Feature",
      "properties": {
        "id": "r1c3->s_r1c3_r0c2_1",
        "name": "Temple Diagonal Link",
        "surface": "asphalt",
        "stairs": false,
        "kerbCm": 0,
        "lanes": 2,
        "crossing": "none",
        "slope": 1.7,
        "coarseId": "r1c3-r0c2"
      },
      "geometry": {
        "type": "LineString",
        "coordinates": [
          [
            80.2175370105044,
            12.96334892206295
          ],
          [
            80.21726974642013,
            12.963160889752023
          ]
        ]
      }
    },
    {
      "type": "Feature",
      "properties": {
        "id": "s_r1c3_r0c2_1->s_r1c3_r0c2_2",
        "name": "Temple Diagonal Link",
        "surface": "asphalt",
        "stairs": false,
        "kerbCm": 0,
        "lanes": 2,
        "crossing": "none",
        "slope": 2,
        "coarseId": "r1c3-r0c2"
      },
      "geometry": {
        "type": "LineString",
        "coordinates": [
          [
            80.21726974642013,
            12.963160889752023
          ],
          [
            80.2170067664422,
            12.962967290495847
          ]
        ]
      }
    },
    {
      "type": "Feature",
      "properties": {
        "id": "s_r1c3_r0c2_2->s_r1c3_r0c2_3",
        "name": "Temple Diagonal Link",
        "surface": "asphalt",
        "stairs": false,
        "kerbCm": 0,
        "lanes": 2,
        "crossing": "none",
        "slope": 1.7,
        "coarseId": "r1c3-r0c2"
      },
      "geometry": {
        "type": "LineString",
        "coordinates": [
          [
            80.2170067664422,
            12.962967290495847
          ],
          [
            80.21676081021117,
            12.962751570713081
          ]
        ]
      }
    },
    {
      "type": "Feature",
      "properties": {
        "id": "s_r1c3_r0c2_3->s_r1c3_r0c2_4",
        "name": "Temple Diagonal Link",
        "surface": "asphalt",
        "stairs": false,
        "kerbCm": 0,
        "lanes": 2,
        "crossing": "none",
        "slope": 2,
        "coarseId": "r1c3-r0c2"
      },
      "geometry": {
        "type": "LineString",
        "coordinates": [
          [
            80.21676081021117,
            12.962751570713081
          ],
          [
            80.21646732272197,
            12.962597611668922
          ]
        ]
      }
    },
    {
      "type": "Feature",
      "properties": {
        "id": "s_r1c3_r0c2_4->s_r1c3_r0c2_5",
        "name": "Temple Diagonal Link",
        "surface": "asphalt",
        "stairs": false,
        "kerbCm": 0,
        "lanes": 2,
        "crossing": "none",
        "slope": 1.7,
        "coarseId": "r1c3-r0c2"
      },
      "geometry": {
        "type": "LineString",
        "coordinates": [
          [
            80.21646732272197,
            12.962597611668922
          ],
          [
            80.21620766302594,
            12.96239969731711
          ]
        ]
      }
    },
    {
      "type": "Feature",
      "properties": {
        "id": "s_r1c3_r0c2_5->s_r1c3_r0c2_6",
        "name": "Temple Diagonal Link",
        "surface": "asphalt",
        "stairs": false,
        "kerbCm": 0,
        "lanes": 2,
        "crossing": "none",
        "slope": 2,
        "coarseId": "r1c3-r0c2"
      },
      "geometry": {
        "type": "LineString",
        "coordinates": [
          [
            80.21620766302594,
            12.96239969731711
          ],
          [
            80.2159528122302,
            12.962195534148986
          ]
        ]
      }
    },
    {
      "type": "Feature",
      "properties": {
        "id": "r0c2->s_r1c3_r0c2_6",
        "name": "Temple Diagonal Link",
        "surface": "asphalt",
        "stairs": false,
        "kerbCm": 0,
        "lanes": 2,
        "crossing": "none",
        "slope": 1.7,
        "coarseId": "r1c3-r0c2"
      },
      "geometry": {
        "type": "LineString",
        "coordinates": [
          [
            80.21569134033659,
            12.96199997400772
          ],
          [
            80.2159528122302,
            12.962195534148986
          ]
        ]
      }
    },
    {
      "type": "Feature",
      "properties": {
        "id": "r1c3->s_r1c3_r2c4_1",
        "name": "Bazaar Diagonal Way",
        "surface": "asphalt",
        "stairs": false,
        "kerbCm": 0,
        "lanes": 2,
        "crossing": "none",
        "slope": 1.7,
        "coarseId": "r1c3-r2c4"
      },
      "geometry": {
        "type": "LineString",
        "coordinates": [
          [
            80.2175370105044,
            12.96334892206295
          ],
          [
            80.2177930520231,
            12.963551536488099
          ]
        ]
      }
    },
    {
      "type": "Feature",
      "properties": {
        "id": "s_r1c3_r2c4_1->s_r1c3_r2c4_2",
        "name": "Bazaar Diagonal Way",
        "surface": "asphalt",
        "stairs": false,
        "kerbCm": 0,
        "lanes": 2,
        "crossing": "none",
        "slope": 2,
        "coarseId": "r1c3-r2c4"
      },
      "geometry": {
        "type": "LineString",
        "coordinates": [
          [
            80.2177930520231,
            12.963551536488099
          ],
          [
            80.21804910509834,
            12.963754135646756
          ]
        ]
      }
    },
    {
      "type": "Feature",
      "properties": {
        "id": "s_r1c3_r2c4_2->s_r1c3_r2c4_3",
        "name": "Bazaar Diagonal Way",
        "surface": "asphalt",
        "stairs": false,
        "kerbCm": 0,
        "lanes": 2,
        "crossing": "none",
        "slope": 1.7,
        "coarseId": "r1c3-r2c4"
      },
      "geometry": {
        "type": "LineString",
        "coordinates": [
          [
            80.21804910509834,
            12.963754135646756
          ],
          [
            80.21833206711462,
            12.963921769539267
          ]
        ]
      }
    },
    {
      "type": "Feature",
      "properties": {
        "id": "s_r1c3_r2c4_3->s_r1c3_r2c4_4",
        "name": "Bazaar Diagonal Way",
        "surface": "asphalt",
        "stairs": false,
        "kerbCm": 0,
        "lanes": 2,
        "crossing": "none",
        "slope": 2,
        "coarseId": "r1c3-r2c4"
      },
      "geometry": {
        "type": "LineString",
        "coordinates": [
          [
            80.21833206711462,
            12.963921769539267
          ],
          [
            80.21857813380798,
            12.964137344314603
          ]
        ]
      }
    },
    {
      "type": "Feature",
      "properties": {
        "id": "s_r1c3_r2c4_4->s_r1c3_r2c4_5",
        "name": "Bazaar Diagonal Way",
        "surface": "asphalt",
        "stairs": false,
        "kerbCm": 0,
        "lanes": 2,
        "crossing": "none",
        "slope": 1.7,
        "coarseId": "r1c3-r2c4"
      },
      "geometry": {
        "type": "LineString",
        "coordinates": [
          [
            80.21857813380798,
            12.964137344314603
          ],
          [
            80.21886065009598,
            12.964305556808583
          ]
        ]
      }
    },
    {
      "type": "Feature",
      "properties": {
        "id": "s_r1c3_r2c4_5->s_r1c3_r2c4_6",
        "name": "Bazaar Diagonal Way",
        "surface": "asphalt",
        "stairs": false,
        "kerbCm": 0,
        "lanes": 2,
        "crossing": "none",
        "slope": 2,
        "coarseId": "r1c3-r2c4"
      },
      "geometry": {
        "type": "LineString",
        "coordinates": [
          [
            80.21886065009598,
            12.964305556808583
          ],
          [
            80.21912371831952,
            12.96449903953955
          ]
        ]
      }
    },
    {
      "type": "Feature",
      "properties": {
        "id": "r2c4->s_r1c3_r2c4_6",
        "name": "Bazaar Diagonal Way",
        "surface": "asphalt",
        "stairs": false,
        "kerbCm": 0,
        "lanes": 2,
        "crossing": "none",
        "slope": 1.7,
        "coarseId": "r1c3-r2c4"
      },
      "geometry": {
        "type": "LineString",
        "coordinates": [
          [
            80.21938268067161,
            12.96469785712205
          ],
          [
            80.21912371831952,
            12.96449903953955
          ]
        ]
      }
    }
  ]
}